mean_relative_diff	episode_num
-14.821428571428573	11401
-15.892857142857142	18451
-16.071428571428573	18201
